{"cameraMode":{"drawMode":0,"name":"Shaded","section":"Shading Mode"},"sceneLighting":false,"audioPlay":false,"sceneViewState":{"showFog":true,"showMaterialUpdate":false,"showSkybox":false,"showFlares":true,"showImageEffects":true,"showParticleSystems":true},"in2DMode":false,"pivot":{"x":0.0,"y":2.357787609100342,"z":-2.384185791015625e-7},"rotation":{"x":0.24861308932304383,"y":-0.07401213049888611,"z":0.019055718556046487,"w":0.9655879735946655},"size":3.1615219116210939,"orthographic":true}