{"cameraMode":{"drawMode":0,"name":"Shaded","section":"Shading Mode"},"sceneLighting":false,"audioPlay":false,"sceneViewState":{"showFog":true,"showMaterialUpdate":false,"showSkybox":false,"showFlares":true,"showImageEffects":true,"showParticleSystems":true},"in2DMode":false,"pivot":{"x":-0.1208338737487793,"y":3.2901453971862795,"z":-3.5762786865234377e-7},"rotation":{"x":0.24861308932304383,"y":-0.07401213049888611,"z":0.019055718556046487,"w":0.9655879735946655},"size":4.3289031982421879,"orthographic":true}